aa_substitution	stability_score_48hr	sd	comment
A509V	0.9951571158194654	*	
A509G	0.9966873836178897	*	
A509D	0.9910181194223122	*	
A509S	0.9964331909143995	*	
A509P	0.9954603950436952	*	
A509T	0.9965221904919442	*	
H508Q	0.9947921869185012	*	
H508L	0.9937969937197918	*	
H508R	0.9954421280113599	*	
H508P	0.990474454228155	*	
H508Y	0.9952652557027887	*	
H508D	0.9946102614238442	*	
H508N	0.9965486381545792	*	
P507L	0.993456636960439	*	
P507R	0.9889371878688874	*	
P507H	0.9869446878959711	*	
P507S	0.9962944142823809	*	
P507A	0.9915940878189744	*	
P507T	0.9877374367097195	*	
D506E	0.9914472132150398	*	
D506V	0.9892423032404435	*	
D506G	0.9932247676601526	*	
D506A	0.8890202107877595	*	
D506Y	0.8927800281959968	*	
D506H	0.8955038689358812	*	
D506N	0.8841257833070709	*	
P505L	0.9032290689371065	*	
P505R	0.922279934743275	*	
P505Q	0.9747904209182742	*	
P505S	0.9634892899859341	*	
P505A	0.9438512149219429	*	
P505T	0.9456191670529797	*	
C504W	0.42943469756098185	*	
C504F	0.6219963124925867	*	
C504S	0.6311198534422364	*	
C504Y	0.6195956095432333	*	
C504G	0.764965350923779	*	
C504R	0.6531821209527173	*	
H503Q	0.8496998720127756	*	
H503L	0.9115824147367315	*	
H503R	0.8796116111038083	*	
H503P	0.9122767565382984	*	
H503D	0.9908898574029961	*	
H503N	0.9938123901940782	*	
C502W	0.4998589802620643	*	
C502F	0.43987700186751943	*	
C502S	0.4773053507259325	*	
C502Y	0.31662396397200676	*	
C502G	0.5007449427965509	*	
C502R	0.21774006075489172	*	
C501W	0.338799293697593	*	
C501F	0.5454028319761841	*	
C501S	0.5787111975738899	*	
C501Y	0.3397706312983835	*	
C501G	0.6351781529388207	*	
C501R	0.25483038297278615	*	
A500V	0.8632404999488161	*	
A500G	0.8542915827009062	*	
A500D	0.862540237635958	*	
A500S	0.9967747186760867	*	
A500P	0.9894875138498905	*	
A500T	0.996126128977082	*	
P499L	0.8319802374152989	*	
P499R	0.753027909057887	*	
P499Q	0.7572276055155116	*	
P499S	0.808430937150761	*	
P499A	0.7805252755443268	*	
P499T	0.7956967753605138	*	
R498C	0.8759298142245402	*	
R498G	0.9849415828809295	*	
R498S	0.9665958021955675	*	
P497L	0.9159688345474808	*	
P497R	0.9482746591973964	*	
P497H	0.8998556715348978	*	
P497S	0.942898342768951	*	
P497A	0.9507224344389059	*	
P497T	0.946083713007357	*	
T496S	0.9970952883348813	*	
T496N	0.9961684106830753	*	
T496A	0.9959263672985744	*	
T496P	0.9955122335243805	*	
C495W	0.4675191274551288	*	
C495S	0.5205006180994282	*	
C495Y	0.43968026756714607	*	
C495G	0.7010743372411403	*	
C495R	0.42328599851021886	*	
G494V	0.8873705981542186	*	
G494A	0.8810179252142565	*	
G494D	0.8875488683163357	*	
G494C	0.9590288857718284	*	
G494R	0.9830909536751097	*	
G494S	0.9896623242102676	*	
P493L	0.9552615972456044	*	
P493R	0.9649177733054201	*	
P493H	0.9639239333841626	*	
P493S	0.9874490924416236	*	
P493A	0.9707459699853217	*	
P493T	0.9871384946618711	*	
H492Q	0.9914933565979628	*	
H492L	0.9964842267996867	*	
H492R	0.9952225975497445	*	
H492P	0.9235960135299079	*	
H492Y	0.9417847810559804	*	
H492D	0.8883391984480845	*	
H492N	0.9923726468259879	*	
C491W	0.47165946972788864	*	
C491F	0.6226736155558397	*	
C491S	0.607872685582991	*	
C491Y	0.43685629275062376	*	
C491R	0.6133208024061678	*	
C490W	0.2222579074528528	*	
C490F	0.2646538919281829	*	
C490S	0.3460432889494953	*	
C490Y	0.2608475791813101	*	
C490G	0.5365906991500674	*	
I489M	0.9811662162289057	*	
I489S	0.8804102087485602	*	
I489T	0.9090539097732704	*	
I489N	0.8548164392413712	*	
I489F	0.9874943832036932	*	
I489V	0.9878979824630659	*	
I489L	0.9913376705690384	*	
Q488H	0.8722038543576418	*	
Q488L	0.9146419152615118	*	
Q488R	0.9636003774256172	*	
Q488P	0.8651156434770821	*	
Q488E	0.9971967496227141	*	
Q488K	0.8897680656322787	*	
L487R	0.8961801472542581	*	
L487P	0.7347370946453136	*	
L487Q	0.927304301698403	*	
L487V	0.9503672863782452	*	
L487M	0.9525160127823519	*	
A486V	0.9777321613930674	*	
A486G	0.9936643564231624	*	
A486D	0.9725159966433006	*	
A486S	0.9867541450037866	*	
A486P	0.8254186208786076	*	
P485L	0.9279240532594483	*	
P485R	0.9390878844451236	*	
P485H	0.9009589755880462	*	
P485A	0.9702289416927774	*	
P485T	0.9261547759655098	*	
D484E	0.9627945716118103	*	
D484V	0.8875041907626452	*	
D484G	0.8384623849051671	*	
D484A	0.937808617364956	*	
D484Y	0.9365906407068206	*	
D484N	0.964353304810466	*	
E483D	0.9689202380230699	*	
E483V	0.9060701144918228	*	
E483G	0.9899306942859817	*	
E483A	0.9574263751064009	*	
E483Q	0.9935749953929364	*	
G482V	0.8342697549554062	*	
G482A	0.9402836620583681	*	
G482C	0.7119183700054369	*	
G482R	0.8360631418830569	*	
R481L	0.9887339279602758	*	
R481P	0.9584617053150343	*	
R481G	0.9759646810371355	*	
A480G	0.9962760854506594	*	
A480D	0.9835966298030328	*	
A480S	0.9967177719667712	*	
A480P	0.9759619007526221	*	
A480T	0.9956573883865101	*	
V479G	0.9210509254418008	*	
V479A	0.948699316163041	*	
V479E	0.932142179398769	*	
V479L	0.9563846976234471	*	
Q478L	0.8688503973513443	*	
Q478R	0.8927198895102383	*	
Q478P	0.885484494952562	*	
Q478E	0.9893633159670013	*	
Q478K	0.8772228052262785	*	
S477R	0.5381740886790507	*	
S477N	0.7152673449586817	*	
P476L	0.952120559604128	*	
P476R	0.9466258143593219	*	
P476H	0.9562833261303378	*	
P476S	0.9722582784629253	*	
P476A	0.9798615111073199	*	
P476T	0.9795142092386522	*	
G475V	0.960354460795638	*	
G475A	0.8867368985791243	*	
G475D	0.8812463226192925	*	
G475C	0.9789136834626794	*	
G475R	0.948312669961154	*	
F474L	0.7568126983162903	*	
F474C	0.5724272978135256	*	
F474S	0.6183312485189324	*	
F474Y	0.9526128134060888	*	
F474V	0.7672678357724667	*	
F474I	0.7248765212625174	*	
T473I	0.9957471128963068	*	
T473S	0.9958642850102264	*	
T473N	0.986647399174757	*	
T473A	0.9048643216621132	*	
T473P	0.9792738639293503	*	
V472G	0.914823025813048	*	
V472A	0.9384194081698657	*	
V472E	0.766957177855875	*	
V472L	0.9898184396481051	*	
V472M	0.9835061315065822	*	
A471V	0.9928257335206845	*	
A471D	0.9612369988222315	*	
A471S	0.9869784079866945	*	
A471P	0.843608089562931	*	
A471T	0.9923516180547788	*	
A470V	0.9200866493070875	*	
A470G	0.9129414215785763	*	
A470E	0.9908532181048471	*	
A470S	0.991034486025661	*	
A470P	0.9314685936754121	*	
D469E	0.9868532438752992	*	
D469V	0.9087059023980703	*	
D469G	0.9340325848589086	*	
D469A	0.9472480662833648	*	
D469Y	0.8064481203871017	*	
D469H	0.8587870958591148	*	
D469N	0.95003841876204	*	
L468F	0.995984877840386	*	
L468S	0.9523529120952108	*	
L468V	0.9812063439914934	*	
L468I	0.9812105153903578	*	
Q467H	0.9786266975754873	*	
Q467L	0.9746349998251428	*	
Q467R	0.992056953882333	*	
Q467P	0.9347153462069923	*	
Q467K	0.9947172494112106	*	
A466G	0.9770817672561266	*	
A466D	0.9774951451947239	*	
A466S	0.9841628313393206	*	
A466P	0.7238435649573469	*	
A466T	0.9739401659297593	*	
K465N	0.46567385381634085	*	
K465M	0.6168140724499562	*	
K465R	0.9721814582950193	*	
K465T	0.6475931139912257	*	
K465E	0.5980640638455827	*	
K465Q	0.7481267864029765	*	
L464R	0.9664423295795938	*	
L464H	0.9407937393863623	*	
L464F	0.947639270882815	*	
L464V	0.9760003282497317	*	
L464I	0.9652402949347512	*	
L463R	0.9699366740102305	*	
L463P	0.8342176522078091	*	
L463Q	0.97430948437392	*	
L463V	0.9932067134393451	*	
L463M	0.9769147753876466	*	
Q462H	0.971513763487382	*	
Q462L	0.9725201556585255	*	
Q462R	0.9904267016760937	*	
Q462P	0.8754102618510884	*	
Q462E	0.9871334060677784	*	
Q462K	0.9916427848395968	*	
L461R	0.8114630480089705	*	
L461P	0.5779620693164611	*	
L461H	0.732709142164597	*	
L461F	0.9583613513491683	*	
L461V	0.9905658045178672	*	
L461I	0.9959542190684901	*	
Q460H	0.9865056908661618	*	
Q460L	0.9778776421327762	*	
Q460R	0.9853810117706588	*	
Q460P	0.962136057603182	*	
Q460K	0.9858441689635735	*	
K459N	0.8257520057314813	*	
K459I	0.8324617499246394	*	
K459T	0.9464518069121083	*	
K459Q	0.977070169106637	*	
L458R	0.8961115515995327	*	
L458P	0.5399361501717361	*	
L458Q	0.8979296388170049	*	
L458V	0.9842082300134163	*	
L458M	0.8887330425613799	*	
A457V	0.8606618321382291	*	
A457G	0.9314016084658456	*	
A457D	0.8977986849465855	*	
A457S	0.9437081531635672	*	
A457P	0.8564550067907215	*	
Q456H	0.9858225502091131	*	
Q456L	0.9752203532382664	*	
Q456R	0.9943774178934237	*	
Q456P	0.8981165989543572	*	
Q456E	0.8544322902512822	*	
Q456K	0.9107247608812962	*	
L455R	0.9023677260359866	*	
L455Q	0.9843432972978833	*	
L455V	0.9937936241422914	*	
L455M	0.9796996575761108	*	
V454G	0.8892814838885423	*	
V454A	0.8966680046930868	*	
V454E	0.9386386269739468	*	
V454L	0.8442254987359736	*	
V454M	0.9025095597427701	*	
E453D	0.894193967562963	*	
E453V	0.9449723217161895	*	
E453G	0.9533263067807345	*	
E453A	0.9408559133217725	*	
E453Q	0.9835216997645092	*	
E453K	0.9799549219158574	*	
P452R	0.983333218916644	*	
P452Q	0.9883960523752926	*	
P452S	0.9802807061391877	*	
P452A	0.9711232407973491	*	
P452T	0.9944710006327506	*	
T451I	0.9876133440488785	*	
T451S	0.9901209527710169	*	
T451N	0.992733751150581	*	
T451A	0.8681624674091953	*	
T451P	0.8989056274306673	*	
A450V	0.9082080520193546	*	
A450G	0.9693834006906243	*	
A450D	0.8858255924257925	*	
A450S	0.9001419128151742	*	
A450P	0.913769559601623	*	
A450T	0.9120779953759315	*	
G449V	0.9929701586282847	*	
G449A	0.9963385151701388	*	
G449E	0.8684456476642157	*	
G449W	0.9194791093551679	*	
A448V	0.923471205856623	*	
A448G	0.9158613488481108	*	
A448D	0.9595295613419275	*	
A448S	0.8972700008510556	*	
A448P	0.8770264004052291	*	
A448T	0.9104243452048156	*	
V447G	0.868542277897363	*	
V447A	0.8596884768229894	*	
V447E	0.8543561781018016	*	
V447L	0.8703484871384028	*	
V447M	0.9094969396687145	*	
G446V	0.9040214066157752	*	
G446A	0.8720325078475127	*	
G446D	0.8532828336687661	*	
G446C	0.8794800431143117	*	
G446R	0.8726161600687434	*	
G446S	0.9966535127516715	*	
G445A	0.9872821492902096	*	
G445E	0.9925751518061111	*	
G445W	0.965073962288979	*	
G445R	0.8918977391117855	*	
L444R	0.9100272490491543	*	
L444P	0.9173067235182273	*	
L444Q	0.9488782102712259	*	
L444V	0.9859787656311183	*	
L444M	0.9811030331264619	*	
L443R	0.7027694590476141	*	
L443P	0.5773408274434777	*	
L443Q	0.6666976341743531	*	
L443V	0.9674672630892277	*	
L443M	0.8768057410329039	*	
N442K	0.656972812759161	*	
N442I	0.6291010272646407	*	
N442T	0.9100856652784628	*	
N442Y	0.7781789984225487	*	
N442D	0.9911225372595154	*	
N442H	0.9621629591401922	*	
Y441F	0.9516283852937278	*	
Y441C	0.8012166803384293	*	
Y441S	0.7991168644692637	*	
Y441D	0.7644351228629805	*	
Y441H	0.8256603646716413	*	
Y441N	0.8031586349771449	*	
N440I	0.9381279171579794	*	
N440S	0.8996731683278549	*	
N440T	0.934250921600417	*	
N440Y	0.918853640248706	*	
N440D	0.7996495999449944	*	
N440H	0.9624914293983435	*	
E439D	0.1881532618164985	*	
E439V	0.06745949944153762	*	
E439G	0.22298484277738906	*	
E439A	0.13153968810984407	*	
E439K	0.14028973679806012	*	
G438A	0.9418237573868768	*	
G438D	0.6294903098073511	*	
G438C	0.8504265049179186	*	
G438R	0.7206467091723159	*	
P437L	0.5722466514223747	*	
P437R	0.5009307525302141	*	
P437H	0.46762442228922285	*	
P437S	0.6489662678306344	*	
P437A	0.7398097043196987	*	
D436E	0.32689601658004874	*	
D436V	0.08242250162876485	*	
D436G	0.20469772898562544	*	
D436A	0.18619131533882194	*	
D436Y	0.19761675130305667	*	
D436H	0.21049798326412927	*	
K435N	0.9061362680369061	*	
K435M	0.8849075231803715	*	
K435R	0.9183733498715239	*	
K435T	0.8609013443893894	*	
K435E	0.9900505044115846	*	
K435Q	0.9941609181062547	*	
S434F	0.875267408502077	*	
S434C	0.9470750601651933	*	
S434Y	0.9617842585947568	*	
S434A	0.9927798496860637	*	
S434P	0.9129884018302725	*	
S434T	0.9850842092554037	*	
L433R	0.12063864168049543	*	
L433P	0.11778254326412463	*	
L433Q	0.2135433319947303	*	
L433M	0.8524011367833378	*	
D432E	0.6732735930042569	*	
D432V	0.49733016439774136	*	
D432G	0.5293712158315151	*	
D432A	0.5822163506534601	*	
D432H	0.8266611887418114	*	
D432N	0.9275689859417515	*	
Y431F	0.8905601620905881	*	
Y431D	0.1545705994687948	*	
Y431H	0.7011883133054816	*	
Y431N	0.17042630177588503	*	
L430R	0.10001620514894283	*	
L430H	0.1492588772078437	*	
L430V	0.9150204509286262	*	
L430I	0.9243453456955971	*	
L429R	0.7932206806168124	*	
L429Q	0.7788913246545373	*	
L429V	0.893304052798435	*	
L429M	0.9426088469466231	*	
P428R	0.31641237693423174	*	
P428Q	0.36650898703208146	*	
P428S	0.489636605665541	*	
P428A	0.7312594462305286	*	
P428T	0.49127829347297447	*	
P427L	0.675251811565969	*	
P427R	0.787062967727111	*	
P427H	0.7598775509744693	*	
P427A	0.8393927171038009	*	
P427T	0.8489931351219745	*	
E426D	0.8522257405170788	*	
E426V	0.8083619086654632	*	
E426A	0.8886538863023739	*	
E426Q	0.9396358073604971	*	
E426K	0.953051626378382	*	
H425Q	0.7906329829645428	*	
H425L	0.6850316964696025	*	
H425P	0.6751613370609072	*	
H425N	0.83909182978614	*	
A424G	0.9413227289237596	*	
A424D	0.9362005818540129	*	
A424S	0.9017150712627185	*	
A424P	0.9653903381155585	*	
A424T	0.9153466613438744	*	
T423I	0.8547420952435778	*	
T423S	0.9049400702045973	*	
T423N	0.8691620947934631	*	
T423A	0.9400405255051792	*	
T423P	0.7482570662152095	*	
L422R	0.8999063456324639	*	
L422Q	0.8311131053090128	*	
L422V	0.9104593590691994	*	
L422M	0.8756032531005609	*	
S421F	0.9656287645989208	*	
S421Y	0.9606947638962738	*	
S421A	0.9003880409231374	*	
S421P	0.8623760661111706	*	
S421T	0.8980927037515137	*	
S420I	0.9768095313136996	*	
S420T	0.9758622744170324	*	
S420N	0.9869490599894707	*	
S420C	0.9240551073549995	*	
S420G	0.9501800823530898	*	
S419F	0.979548732632112	*	
S419C	0.9649311207544111	*	
S419Y	0.9805538984411165	*	
S419A	0.9941672481487537	*	
S419P	0.8654061922446101	*	
S419T	0.886627891242098	*	
A418V	0.9080253530681671	*	
A418G	0.975563663362171	*	
A418D	0.9732683731910329	*	
A418S	0.8785836868187766	*	
A418P	0.8868864640890168	*	
H417Q	0.8571067582509575	*	
H417L	0.8728011091658826	*	
H417R	0.9076454433379748	*	
H417P	0.9125779184520156	*	
H417Y	0.9477453733423662	*	
H417D	0.8979695696014016	*	
H417N	0.9224515582854553	*	
C416W	0.48023954217960185	*	
C416F	0.25052848483692003	*	
C416S	0.13706341190446736	*	
C416Y	0.22732020809157216	*	
C416G	0.3785005331566107	*	
C416R	0.13880447441396204	*	
A415V	0.9570038569836252	*	
A415G	0.9756932010125585	*	
A415D	0.9759531346261094	*	
A415S	0.9835183448909515	*	
A415P	0.9564153947581344	*	
A415T	0.9889307270721382	*	
P414L	0.9740793494592714	*	
P414R	0.968377242839516	*	
P414H	0.9591657131164228	*	
P414S	0.9914126999414788	*	
P414A	0.9935362454634037	*	
P414T	0.9935336844313964	*	
D413E	0.7416243272755683	*	
D413V	0.7499871190399475	*	
D413A	0.6552430822649469	*	
D413Y	0.6862756421412168	*	
D413H	0.6018212718156613	*	
D413N	0.6883834258468883	*	
A412V	0.9741958063881232	*	
A412G	0.9826779786774071	*	
A412E	0.918070087202726	*	
A412S	0.8814584918713877	*	
A412P	0.9797503157745425	*	
A412T	0.9928062199416634	*	
T411I	0.7749988560967178	*	
T411S	0.9725759191085036	*	
T411N	0.9502221336865416	*	
T411A	0.9698158949637242	*	
T411P	0.8275911914341647	*	
T410S	0.9631387340754402	*	
T410N	0.9582793858239003	*	
T410A	0.952844068607129	*	
T410P	0.8290702797499672	*	
D409E	0.8887100529402225	*	
D409V	0.8920092739201467	*	
D409G	0.9742261124852416	*	
D409A	0.948669880916383	*	
D409Y	0.8622585120702961	*	
D409H	0.8994418230369146	*	
D409N	0.9258705811165155	*	
S408R	0.5872911781379153	*	
S408I	0.3375273323061514	*	
S408C	0.670585839520905	*	
H407Q	0.9383435103522519	*	
H407L	0.978604642034462	*	
H407R	0.9662402223469877	*	
H407P	0.9477808413520681	*	
H407Y	0.9440365775430598	*	
H407D	0.864582528644698	*	
H407N	0.9274199653084093	*	
A406V	0.98384921354837	*	
A406G	0.9913325102245644	*	
A406D	0.9756089791019806	*	
A406P	0.9915487446256349	*	
A406T	0.9926807747380265	*	
S405C	0.8134754858391026	*	
S405Y	0.6656369798631891	*	
S405A	0.9698754723766841	*	
S405T	0.947050884796277	*	
G404V	0.2975454588470473	*	
G404A	0.568602196768552	*	
G404D	0.43131720276726493	*	
G404C	0.2048815494447639	*	
G404R	0.2622223223006387	*	
G404S	0.590743742267795	*	
Q403H	0.8972150962921368	*	
Q403L	0.9257248609496056	*	
Q403R	0.9720005087460727	*	
Q403P	0.6877673846479252	*	
Q403K	0.9519261336960093	*	
T402I	0.5122944091667252	*	
T402S	0.8565482399779624	*	
T402N	0.6415068181155594	*	
T402A	0.676352091084091	*	
T402P	0.5873327962486059	*	
F401C	0.8196545725944904	*	
F401S	0.8022750676689991	*	
F401Y	0.9777074106665379	*	
F401V	0.7682759038974807	*	
F401I	0.8232731099321218	*	
F400L	0.4912623037199456	*	
F400C	0.32836770264767035	*	
F400S	0.1856442932184993	*	
F400Y	0.9592064483078906	*	
F400V	0.7449316584981719	*	
F400I	0.666159497395789	*	
H399L	0.6482351747004753	*	
H399R	0.6002176568390778	*	
H399P	0.238832012194641	*	
H399D	0.03433760552135523	*	
H399N	0.51473937563207	*	
A398V	0.7844151561173112	*	
A398G	0.8929856063399306	*	
A398D	0.10912094886547807	*	
A398S	0.8519030738679216	*	
A398P	0.05462174772217854	*	
A398T	0.7373778101693134	*	
K397N	0.08983040149468802	*	
K397M	0.06809240509004111	*	
K397R	0.4264475925536497	*	
K397T	0.09830852062515494	*	
K397E	0.01767028882652555	*	
K397Q	0.17759302168241076	*	
Y396F	0.9467077618399578	*	
Y396C	0.5795441191957753	*	
Y396S	0.49803413070728797	*	
Y396D	0.3305307884349338	*	
Y396H	0.7564645243640616	*	
Y396N	0.6145285493328758	*	
K395N	0.9569276745355139	*	
K395M	0.9433235415365596	*	
K395R	0.8384115095959286	*	
K395T	0.9630051199184112	*	
K395E	0.8977555324288296	*	
K395Q	0.8534643740183117	*	
G394V	0.6389357989618684	*	
G394A	0.9277367311293555	*	
G394E	0.9319212285332468	*	
T393I	0.8355013199381249	*	
T393N	0.9248591486361819	*	
T393P	0.7781468967281109	*	
R392P	0.06631985566192267	*	
V391A	0.8527728603856489	*	
V391E	0.28649358376764256	*	
V391L	0.9764731243744394	*	
V391M	0.9755793586626301	*	
A390V	0.3769966985552905	*	
A390G	0.8313158992413491	*	
A390D	0.09455468498083519	*	
A390S	0.8498998808630815	*	
A390P	0.03074853896999441	*	
A390T	0.5235235300255553	*	
F389L	0.7113886263836733	*	
F389C	0.7213902990109494	*	
F389Y	0.9389655871181773	*	
F389V	0.6832944473334502	*	
F389I	0.5252530123512298	*	
V388G	0.8697187503949347	*	
V388A	0.9548095014425315	*	
V388D	0.6933243726809757	*	
V388F	0.8404712075809786	*	
V388L	0.974606220764477	*	
V388I	0.9921305528687455	*	
G387E	0.68972180693396	*	
G387W	0.42400877446701457	*	
G387R	0.5363344652505057	*	
R386L	0.9325823131984458	*	
R386P	0.7311229644747965	*	
R386S	0.9464697060230409	*	
V385G	0.9611087236207646	*	
V385A	0.9768746234748199	*	
V385D	0.9275604291500383	*	
V385F	0.9533151537732947	*	
V385L	0.9920484199694568	*	
V385I	0.8893368179966255	*	
E384D	0.8367895986868089	*	
E384V	0.9717776472337278	*	
E384G	0.9305412063111755	*	
E384A	0.9766608650490693	*	
E384Q	0.9923280696863832	*	
D383V	0.8311244252810346	*	
D383G	0.9392758720029396	*	
D383A	0.9557192668165103	*	
D383Y	0.8571428709510671	*	
D383H	0.9366963754983773	*	
D383N	0.9516620561489619	*	
P382L	0.8343417694990957	*	
P382R	0.6312907829555771	*	
P382Q	0.6512444728638018	*	
P382S	0.8273937064715929	*	
P382A	0.9117789771370801	*	
P382T	0.8194315052215029	*	
Y381F	0.8795321278151624	*	
Y381C	0.8826492786228265	*	
Y381S	0.8632186060591631	*	
Y381D	0.8542985886134593	*	
Y381N	0.8538611326746854	*	
S380F	0.9269111031950676	*	
S380C	0.9235031986216282	*	
S380Y	0.9164793860487754	*	
S380A	0.9080551508510071	*	
S380P	0.8667627987258585	*	
S380T	0.9877088950159594	*	
P379R	0.6458260126539281	*	
P379S	0.9434421165754546	*	
P379A	0.9449897095872163	*	
P379T	0.9247354594901882	*	
Y378F	0.9315736111604938	*	
Y378C	0.6294249086709904	*	
Y378S	0.5772568256113406	*	
Y378D	0.10986919714842158	*	
Y378H	0.6574982171160246	*	
F377L	0.5442915465162024	*	
F377C	0.6333697615401425	*	
F377S	0.4959411273402894	*	
F377Y	0.953840526186893	*	
F377V	0.8258200071342352	*	
F377I	0.7859614086250102	*	
F376L	0.7256123723340104	*	
F376C	0.7970685908450958	*	
F376S	0.7977636561886792	*	
F376Y	0.9606110815545883	*	
F376V	0.9177539836373357	*	
F376I	0.9546579295739468	*	
L375R	0.7524119167160437	*	
L375P	0.6279942531729288	*	
L375H	0.7536748346083229	*	
L375F	0.8790469885748942	*	
L375V	0.9249819178625232	*	
L375I	0.9773178362839742	*	
S374F	0.9628964211090354	*	
S374C	0.9346063148077927	*	
S374Y	0.9711371351413888	*	
S374A	0.8752749254285557	*	
S374P	0.7664463207625052	*	
S374T	0.9916229160120869	*	
Q373H	0.9507087756420882	*	
Q373L	0.9703538248562975	*	
Q373R	0.9208536028678548	*	
Q373E	0.8440378703910236	*	
Q373K	0.9822539259227547	*	
R372L	0.43163879463449095	*	
R372P	0.2686922181796928	*	
R372G	0.4732753822020733	*	
P371L	0.9285321849205714	*	
P371R	0.931831319463784	*	
P371H	0.8448952497955391	*	
P371S	0.9494933324257621	*	
P371A	0.9660626587520381	*	
P371T	0.9592328224003656	*	
S370R	0.4626620901912871	*	
S370I	0.6702495620858293	*	
S370T	0.9235377606625597	*	
S370N	0.7909972697196568	*	
S370C	0.7574170767394316	*	
S370G	0.9480394208839823	*	
K369M	0.7973112559729334	*	
K369R	0.9676969167956552	*	
K369T	0.9108352349393295	*	
K369E	0.8885636373234691	*	
K369Q	0.8870693065936037	*	
G368V	0.8086035799298554	*	
G368A	0.942920680409594	*	
G368D	0.9402506781255522	*	
G368C	0.7362299025039785	*	
G368R	0.8193691206796794	*	
G368S	0.8435938728516394	*	
T367I	0.9776966174279212	*	
T367R	0.9907408143499474	*	
T367K	0.8696177174793679	*	
T367S	0.8342165827641608	*	
T367A	0.8743907936611681	*	
T367P	0.9625626965902289	*	
G366V	0.8866409254340064	*	
G366A	0.9661598929258699	*	
G366D	0.9661828055942807	*	
G366C	0.8100748195096984	*	
G366R	0.957540807758494	*	
G366S	0.9361126126092167	*	
L365R	0.8425818143773106	*	
L365P	0.6722379438475384	*	
L365Q	0.8155846193093329	*	
L365V	0.9861264577973116	*	
L365M	0.8897625821800916	*	
L364R	0.09361345684201428	*	
L364P	0.18013322736000092	*	
L364Q	0.09891518502487318	*	
L364V	0.8741496409944995	*	
L364M	0.862517724815685	*	
L363R	0.7767130964498538	*	
L363P	0.6853795911609575	*	
L363Q	0.7753248029962161	*	
L363V	0.8548913474456582	*	
L363M	0.8758872090507955	*	
P362L	0.8055719347660607	*	
P362R	0.920993197446928	*	
P362H	0.845878864354355	*	
P362S	0.9785412267262817	*	
P362A	0.9521570651693566	*	
P362T	0.9604147037387654	*	
S361R	0.8151847097789071	*	
S361I	0.7445749799558647	*	
S361T	0.9303988797647736	*	
S361N	0.731507874555726	*	
S361C	0.7372238222691594	*	
S361G	0.9169952577319753	*	
L360R	0.37675748526372455	*	
L360H	0.3143200809633675	*	
L360F	0.9554961170076988	*	
L360V	0.9384428481578121	*	
L360I	0.9337153950790253	*	
D359E	0.8183505405351823	*	
D359V	0.44381335846425163	*	
D359G	0.42270389027305033	*	
D359A	0.5938819146419556	*	
D359H	0.6083069922014404	*	
F358L	0.7141737159991839	*	
F358C	0.9104182327943017	*	
F358S	0.913873210552309	*	
F358Y	0.8423200799633935	*	
F358V	0.8097748976346876	*	
F358I	0.8483132304479413	*	
G357A	0.4038414843543989	*	
G357D	0.11933541574233497	*	
G357C	0.20001778428436012	*	
G357R	0.04445226126346569	*	
G357S	0.4974648945701735	*	
D356E	0.44619958698408624	*	
D356G	0.3018888209396997	*	
D356A	0.1771510362211859	*	
D356Y	0.14633463242229727	*	
D356H	0.03239339886353865	*	
D356N	0.4287335167413776	*	
L355F	0.9457296350268156	*	
L355W	0.6715379911149981	*	
L355S	0.5081317371310361	*	
L355V	0.9233589272805984	*	
L355M	0.9182462496461812	*	
T354I	0.9270211398503178	*	
T354N	0.8502901330150301	*	
T354A	0.897294849512069	*	
T354P	0.925578544984677	*	
V353G	0.9240130482985118	*	
V353A	0.9795614523969679	*	
V353D	0.8029378725643957	*	
V353F	0.8893296665278841	*	
V353L	0.8967894458555885	*	
V353I	0.9091298526501782	*	
N352K	0.8740267043999266	*	
N352I	0.7090156332444696	*	
N352T	0.9472121786758818	*	
N352Y	0.7878962721091725	*	
N352D	0.951156878663727	*	
P351L	0.6881162608688567	*	
P351R	0.7429401458376499	*	
P351H	0.6026415597179294	*	
P351S	0.819581325764417	*	
P351A	0.7704299968489511	*	
P351T	0.7656599041146658	*	
L350R	0.7225861031622254	*	
L350P	0.8153312040234203	*	
L350V	0.9354288328912532	*	
L350M	0.9013351631152176	*	
P349L	0.9666635241131171	*	
P349R	0.9344033036034392	*	
P349Q	0.9685966207126926	*	
P349S	0.8892870327013316	*	
P349A	0.9653672594912679	*	
P349T	0.9288324489729632	*	
A348V	0.9260901246849009	*	
A348G	0.9318534790992559	*	
A348D	0.579948130980658	*	
A348S	0.9544875311265935	*	
A348P	0.4479761828662019	*	
A348T	0.9243072427319161	*	
G347V	0.7980677514219137	*	
G347A	0.9269053380940335	*	
G347E	0.9172655820685914	*	
G347W	0.6828797255705246	*	
A346V	0.9008017030026476	*	
A346G	0.9039289050895577	*	
A346D	0.4426160802169167	*	
A346S	0.9443401445821762	*	
A346P	0.36195084156253987	*	
A346T	0.8756622545388458	*	
L345R	0.4923787514842757	*	
L345P	0.26917632801532576	*	
L345Q	0.5205601779953717	*	
L345V	0.8818145510718349	*	
L345M	0.875141399816428	*	
A344V	0.9162205647902966	*	
A344G	0.9574159707961984	*	
A344S	0.8835011951710554	*	
A344P	0.748217364320418	*	
A344T	0.9176960349517722	*	
A343V	0.8933506904605351	*	
A343G	0.7686738164515166	*	
A343E	0.39662403535432744	*	
A343S	0.8634924666195508	*	
A343P	0.4205678034553373	*	
A343T	0.8578854629041432	*	
L342R	0.2253634377227003	*	
L342P	0.1974080928656704	*	
L342Q	0.5124458686629121	*	
L342M	0.8954140206537875	*	
T341I	0.3748688436249231	*	
T341S	0.48501299866268677	*	
T341N	0.35771728968919514	*	
T341A	0.4004504402319551	*	
T341P	0.39977908185293476	*	
P340L	0.45809153251149426	*	
P340R	0.4499007944609976	*	
P340H	0.3371441290282925	*	
P340S	0.6669844091928021	*	
P340A	0.7510400839043885	*	
P340T	0.7012285668991363	*	
L339R	0.2912311430395179	*	
L339P	0.3468086498278389	*	
L339Q	0.33637529026053925	*	
L339V	0.820764200267338	*	
L339M	0.8700036420899199	*	
L338R	0.09378911651929045	*	
L338Q	0.22374929077719474	*	
L338V	0.9795389272678388	*	
L338M	0.8756341782416598	*	
D337E	0.3682941794000866	*	
D337G	0.15731820702549182	*	
D337A	0.04303939252735711	*	
D337Y	0.09568030371337133	*	
D337H	0.025020263825518474	*	
D337N	0.25497923815406354	*	
L336R	0.3386023038843995	*	
L336P	0.4130442137101836	*	
L336Q	0.4393707868784479	*	
L336V	0.8780382693790535	*	
L336M	0.9322783450201615	*	
S335F	0.39019254868616227	*	
S335C	0.6508276385789977	*	
S335Y	0.3923847569467692	*	
S335A	0.9781735318422345	*	
S335P	0.5687822002953189	*	
S335T	0.9947080782177303	*	
S334R	0.2878308215584614	*	
S334I	0.32468548392439645	*	
S334T	0.8888473635597766	*	
S334N	0.3737043174462329	*	
S334C	0.6307711391914183	*	
S334G	0.752130087492213	*	
A333V	0.9368576874418497	*	
A333G	0.9426003554500944	*	
A333D	0.10464275518009147	*	
A333S	0.9145829226268577	*	
A333P	0.4827582670395444	*	
A333T	0.9160219298348692	*	
L332R	0.49790010989089295	*	
L332P	0.7411915126777823	*	
L332Q	0.554915589324219	*	
L332V	0.9334786545819106	*	
L332M	0.9770317566909639	*	
E331D	0.8647007547982947	*	
E331V	0.4976124606795388	*	
E331G	0.8628373394559052	*	
E331A	0.8889856784612248	*	
E331Q	0.8969728021221302	*	
E331K	0.6578673849567969	*	
H330Q	0.9762831996713957	*	
H330L	0.9447625538201306	*	
H330P	0.9516599639681381	*	
H330Y	0.9479754105171915	*	
H330D	0.9301738162458134	*	
H330N	0.9532849403936986	*	
T329S	0.9225760566958151	*	
T329N	0.7807695050497431	*	
T329A	0.9042603115528361	*	
T329P	0.4311219767393203	*	
V328G	0.5881041401094709	*	
V328A	0.7673254885001046	*	
V328E	0.5713407440966036	*	
V328L	0.7793564743161534	*	
V328M	0.6408968138953084	*	
G327V	0.6580295925739854	*	
G327A	0.8035813583987779	*	
G327C	0.3623561803883433	*	
G327R	0.4035118911707295	*	
P326L	0.4731697420306544	*	
P326R	0.6713602923651745	*	
P326H	0.6145872220004905	*	
P326S	0.7877615041829623	*	
P326A	0.9234240189977567	*	
P326T	0.8746466855410431	*	
A325V	0.9419905319212565	*	
A325G	0.9890060552347107	*	
A325D	0.952250441821674	*	
A325S	0.9942265044272922	*	
A325P	0.9863931192931973	*	
I324M	0.9527742293344319	*	
I324S	0.39342523797787354	*	
I324N	0.14237230460469275	*	
I324F	0.6619408261721211	*	
I324L	0.9272774287684531	*	
H323Q	0.9761224052662691	*	
H323L	0.9475827710504028	*	
H323R	0.8520967822756443	*	
H323P	0.8677456154847357	*	
H323Y	0.8932305551472669	*	
H323D	0.7375376611205005	*	
H323N	0.767888892624861	*	
G322V	0.5306793668537441	*	
G322A	0.7432682752032209	*	
G322D	0.7596466944419623	*	
G322C	0.4338351266879703	*	
G322R	0.7367312027220856	*	
G322S	0.7511395918762438	*	
P321L	0.6743303607350652	*	
P321R	0.9072848321873376	*	
P321Q	0.7736709831951679	*	
P321S	0.6852438304944408	*	
P321A	0.7123762563958673	*	
P321T	0.7761464203374241	*	
W320L	0.41349987326360405	*	
W320S	0.35542101919427904	*	
W320R	0.21413710434591204	*	
F319L	0.6340920589913264	*	
F319S	0.7532612234908996	*	
F319Y	0.8324547288061079	*	
F319V	0.8356567214132686	*	
F319I	0.8304742044744289	*	
A318V	0.9354993111116189	*	
A318G	0.7900702842274836	*	
A318D	0.26142276556058885	*	
A318S	0.6767181891802931	*	
A318P	0.12575781681030318	*	
A318T	0.7340448666101462	*	
L317W	0.34160345510436896	*	
L317S	0.32745353092030816	*	
L317V	0.9795923298939188	*	
L317M	0.877800094423823	*	
A316V	0.68046380530173	*	
A316G	0.8667609181224486	*	
A316S	0.6836487911740259	*	
A316P	0.11194625491932764	*	
P315L	0.4045840596517827	*	
P315R	0.12813755892666134	*	
P315H	0.12661593176899788	*	
P315S	0.28392830070085895	*	
P315A	0.46411650244333624	*	
P315T	0.36158912732730997	*	
E314V	0.9138750232717359	*	
E314G	0.766342573757079	*	
E314A	0.9242747392302206	*	
E314Q	0.9158338658896275	*	
E314K	0.5616496509128774	*	
R313L	0.34134102642957753	*	
R313G	0.1007005654057892	*	
V312G	0.5930235522245546	*	
V312A	0.5462604423135049	*	
V312D	0.2997434348831861	*	
V312F	0.9762573396508535	*	
V312L	0.9613420164162187	*	
V312I	0.9915380884395504	*	
G311V	0.11482056920198946	*	
G311C	0.0646554620060209	*	
G311R	0.14481098116538182	*	
G310A	0.3450004916280638	*	
G310C	0.29421884248493957	*	
G310R	0.15946257718859458	*	
G310S	0.38881179040001945	*	
E309D	0.8464234223185207	*	
E309V	0.1759760030478258	*	
E309G	0.33287736416464664	*	
E309A	0.3706898066416505	*	
Y308F	0.9603173923196594	*	
Y308C	0.7013931799566202	*	
Y308S	0.6961956476610783	*	
Y308D	0.39296340072944536	*	
Y308N	0.4922324600046042	*	
T307I	0.5864701108460626	*	
T307S	0.7460275374901759	*	
T307N	0.6851538978451794	*	
T307A	0.8368577097264946	*	
T307P	0.7023771983645068	*	
T306R	0.48491651261802493	*	
T306K	0.49955715355366803	*	
T306S	0.9186292502383074	*	
T306A	0.8288518184323749	*	
T306P	0.550071405905175	*	
G305V	0.28106195516556554	*	
G305A	0.8438836293468004	*	
G305E	0.5145484866592438	*	
G305R	0.4012452659870458	*	
K304T	0.006078374516382157	*	
K304E	0.06931437978906518	*	
K304Q	0.08011014358672652	*	
G303V	0.17606367910452692	*	
G303A	0.7309426931256771	*	
G303E	0.17443971025402705	*	
C302W	0.4183529365006099	*	
C302F	0.36132529368947264	*	
C302S	0.3364956779180811	*	
C302Y	0.20802087042269302	*	
C302G	0.7309623083905741	*	
C302R	0.24288591481814747	*	
R301L	0.8510105447130577	*	
L300W	0.5667851711884	*	
L300V	0.7387010560187679	*	
L300M	0.8533863106271673	*	
L299R	0.9607904338243922	*	
L299H	0.9326258389992508	*	
L299V	0.9202503871201574	*	
L299I	0.9143941567457714	*	
G298A	0.520017393678426	*	
G298D	0.2608354698571592	*	
G298C	0.3067935934993664	*	
G298R	0.2879562728053753	*	
S297F	0.4415491858743914	*	
S297C	0.7110295933384723	*	
S297Y	0.36089714645362514	*	
S297A	0.840815567814357	*	
S297P	0.8780111454524137	*	
S297T	0.8621735028679487	*	
C296W	0.7120456318619692	*	
C296F	0.8948209209523558	*	
C296S	0.8522699573873375	*	
C296G	0.9356348615283361	*	
C296R	0.7652128049823471	*	
G295V	0.22132323654435748	*	
G295A	0.4801166263124107	*	
G295R	0.16894771358663208	*	
G294V	0.22607735585946842	*	
G294A	0.6953705163664805	*	
G294D	0.3393172624386742	*	
G294C	0.1540196371762832	*	
G294R	0.20314288052672014	*	
G294S	0.6835337600784112	*	
R293L	0.9357250804280786	*	
R293P	0.7196036309816269	*	
R293G	0.9322182201537468	*	
S292C	0.9033091183463314	*	
S292Y	0.9750332592578083	*	
S292A	0.9535469292140221	*	
S292P	0.9754541052115245	*	
S292T	0.9876355348742282	*	
M291I	0.7715038776578208	*	
M291R	0.9577794212976203	*	
M291T	0.9327439090485812	*	
M291K	0.9529995132763761	*	
M291L	0.9593105997084569	*	
M291V	0.9340330795282373	*	
R290L	0.47674566100155435	*	
R290P	0.3609017832254845	*	
R290G	0.5609320433615397	*	
M289I	0.7445618730034932	*	
M289R	0.9595662791368946	*	
M289K	0.968257917557968	*	
M289L	0.9786246900845857	*	
M289V	0.9630502617802373	*	
T288I	0.9241911732617443	*	
T288S	0.8854084083050366	*	
T288A	0.9463209779657217	*	
E287D	0.6606746358170781	*	
E287V	0.23575643433164584	*	
E287G	0.49292348098597816	*	
E287A	0.6198777637406232	*	
E287K	0.3106436968705383	*	
P286L	0.2402728538756097	*	
P286R	0.22301032055236358	*	
P286H	0.22294124166685303	*	
P286A	0.6435044670838939	*	
N284I	0.050936422500838074	*	
N284T	0.1335147813934573	*	
N284Y	0.1307057300754011	*	
N284D	0.2723138791488807	*	
N284H	0.5680873423979231	*	
D283V	0.025659225342824055	*	
D283G	0.07939690107562059	*	
D283A	0.04569877699590419	*	
D283Y	0.07507162148715196	*	
D283H	0.05599738959403178	*	
A282V	0.5094165631645617	*	
A282G	0.954771671781027	*	
A282E	0.23626877790217704	*	
A282S	0.9869250475486834	*	
A282P	0.4004558318630991	*	
A282T	0.9328089820746358	*	
T281S	0.796412359099266	*	
T281N	0.410292520577903	*	
T281A	0.8194916516281155	*	
T281P	0.46843649840984936	*	
F280L	0.5102447271892538	*	
F280C	0.3517552159457068	*	
F280S	0.10278008993286547	*	
F280Y	0.41267007508902254	*	
F280V	0.39283730616733703	*	
F280I	0.3871017797414398	*	
I279S	0.5006519330415045	*	
I279T	0.5565307628526042	*	
I279N	0.16871470299090108	*	
I279F	0.8671256170237901	*	
I279V	0.9473201852677033	*	
I279L	0.9887868120111384	*	
V278G	0.44048730298521077	*	
V278A	0.5712119019281006	*	
V278D	0.04452955032735906	*	
V278L	0.9782371051995972	*	
V278I	0.9200904914559269	*	
L277R	0.3118639703040267	*	
L277Q	0.38196101213624445	*	
L277V	0.9212854664959118	*	
L277M	0.8990126146709216	*	
T276R	0.04041668208514737	*	
T276K	0.04512748141623302	*	
T276A	0.42287962792254663	*	
E275D	0.9906792736120144	*	
E275V	0.8154676838498951	*	
E275G	0.9481100044999305	*	
E275A	0.947156091552744	*	
E275Q	0.9687144549645514	*	
E275K	0.9662501773180563	*	
E274D	0.9928490765643807	*	
E274V	0.9031353025982621	*	
E274G	0.9487105501267814	*	
E274A	0.9138884666746184	*	
E274Q	0.9889416984849255	*	
L273R	0.9850853045028529	*	
L273P	0.9700309345225308	*	
L273H	0.9785076695345194	*	
L273F	0.9666555083169653	*	
L273V	0.8961264840927174	*	
L273I	0.9656530786410169	*	
L272R	0.8075408751335589	*	
L272P	0.39497647701115624	*	
L272V	0.8775331257038007	*	
L272M	0.9466192755582643	*	
G271V	0.6039542809170657	*	
G271A	0.8975363946038444	*	
G271E	0.8845897266464747	*	
G271W	0.5151200870351711	*	
L270R	0.9697162449045884	*	
L270P	0.5929998246250097	*	
L270Q	0.9626649415133393	*	
L270V	0.9343972506417805	*	
L270M	0.9129282061486481	*	
D269E	0.821854206669326	*	
D269V	0.9425986470137663	*	
D269G	0.9506164459288154	*	
D269A	0.9206377967791367	*	
D269Y	0.9247579744327936	*	
D269H	0.9375492882180166	*	
D269N	0.9371667560208911	*	
G268A	0.8433086335145425	*	
G268E	0.948471226995383	*	
G268W	0.8968198764047053	*	
I267M	0.9031329025767219	*	
I267R	0.6519904688349138	*	
I267K	0.3516018046078322	*	
I267L	0.989125959740873	*	
A266V	0.9205193657867627	*	
A266G	0.9708156377480822	*	
A266D	0.9048208790336608	*	
A266S	0.8572413566297453	*	
A266P	0.3388404989929442	*	
A266T	0.9753614270221854	*	
T265I	0.9766576553857932	*	
T265R	0.9539422398991503	*	
T265K	0.989351536843929	*	
T265S	0.99403703819999	*	
T265A	0.9572780970655665	*	
T265P	0.8075090359761063	*	
M264I	0.8706496802675908	*	
M264R	0.5775810558407735	*	
M264T	0.724321662397416	*	
M264K	0.45087853272672673	*	
M264L	0.9755050071315033	*	
M264V	0.9701287625740859	*	
L263R	0.245404486925499	*	
L263P	0.06936992663903097	*	
L263Q	0.40543814583030025	*	
L263V	0.9811284221665912	*	
L263M	0.9371899993949623	*	
T262I	0.9066999355248404	*	
T262S	0.9486833484236896	*	
T262N	0.9510724718865619	*	
T262A	0.8450548308751875	*	
T262P	0.8482264876450667	*	
G261V	0.5418526802835506	*	
G261A	0.787772257315638	*	
G261E	0.6286064774137903	*	
G261W	0.3916899380070531	*	
V260G	0.43101500692652206	*	
V260A	0.5820441683030995	*	
V260E	0.16558173939364562	*	
V260L	0.8676835351840272	*	
V260M	0.803373003909629	*	
A259V	0.9775592877810972	*	
A259G	0.9597917160604108	*	
A259D	0.8134438401582269	*	
A259S	0.960106437693172	*	
A259P	0.41917602125438636	*	
A259T	0.9074607475010326	*	
A258V	0.8865431514081129	*	
A258G	0.9051264982246303	*	
A258E	0.8935635428220522	*	
A258S	0.8839823728231244	*	
A258T	0.995951743667988	*	
D257V	0.06773151327962434	*	
D257G	0.2914421323062981	*	
D257A	0.21314551951719996	*	
D257Y	0.0668462523788611	*	
L256R	0.36478908001392474	*	
L256P	0.023098272833089628	*	
L256Q	0.428221016810458	*	
L256V	0.9494797733472253	*	
L256M	0.9231694601637361	*	
E255D	0.44694653766933545	*	
E255V	0.3236016582276513	*	
E255G	0.41683641243001934	*	
E255A	0.45535116715778245	*	
E255Q	0.48025268832879875	*	
M254I	0.6067858005472255	*	
M254R	0.9066025878239123	*	
M254K	0.8820364703350521	*	
M254L	0.9730758867710421	*	
M254V	0.9121993911479844	*	
L253R	0.18947497357584064	*	
L253P	0.050517704927339646	*	
L253Q	0.4142606941435676	*	
L253M	0.8014158098955746	*	
S252F	0.24437390661029046	*	
S252C	0.5618778566203319	*	
S252A	0.9778622663743197	*	
S252T	0.7591816788940559	*	
D251E	0.5384538772108246	*	
D251V	0.1998337315793154	*	
D251G	0.5327933706278327	*	
D251A	0.5792933042803452	*	
D251Y	0.39927904023288385	*	
D251H	0.3600948715902841	*	
D251N	0.6789727548695146	*	
G250V	0.2618303122458461	*	
G250A	0.6262959942011113	*	
G250E	0.1752713073737867	*	
G250W	0.2489162674895472	*	
G250R	0.3851877013644055	*	
F249L	0.5013779600915047	*	
F249Y	0.873733131046541	*	
F249V	0.3934129829945473	*	
F249I	0.45612050737220056	*	
P248L	0.881448683082478	*	
P248R	0.9035340217905771	*	
P248Q	0.9135202048150144	*	
P248S	0.921443593445732	*	
P248A	0.9440153247260459	*	
P248T	0.9311703568422346	*	
G247V	0.41705371562018567	*	
G247A	0.5576517540866692	*	
G247E	0.45047874303699664	*	
G247W	0.38281988900736563	*	
R246L	0.5459031576137079	*	
R246P	0.374737818558987	*	
R246G	0.5448577968274673	*	
R246S	0.3645802025520637	*	
G245V	0.9662179949696506	*	
G245A	0.9694501203129742	*	
G245D	0.9096023654684279	*	
G245C	0.8817281711849316	*	
G245R	0.9807342211956834	*	
S244A	0.8116827835730398	*	
S244P	0.5939483401339355	*	
S244T	0.9030480399763255	*	
R243L	0.8832130943104435	*	
R243P	0.7509624964250118	*	
R243G	0.9026982505081751	*	
R243S	0.8574079253018999	*	
E242D	0.8477087861951577	*	
E242V	0.9449817264085175	*	
E242G	0.852037863207969	*	
E242A	0.8812778435195133	*	
E242Q	0.9871495150535309	*	
E242K	0.9902576764450919	*	
A241V	0.8829695983411292	*	
A241G	0.8852943360880854	*	
A241E	0.8477295881442384	*	
A241S	0.8667551824640626	*	
A241P	0.8736108058045892	*	
A241T	0.8756227887121348	*	
F240L	0.6625501561074287	*	
F240C	0.6880576665755704	*	
F240S	0.7899999588817288	*	
F240Y	0.9228103916903279	*	
F240V	0.8109925733648295	*	
F240I	0.6116923672867498	*	
S239R	0.9419226656135239	*	
S239I	0.9286800414593608	*	
S239T	0.9704537629147948	*	
S239N	0.9727189954800524	*	
S239C	0.7248333086598959	*	
S239G	0.9117843486638281	*	
Q238H	0.9902954275615883	*	
Q238L	0.9329561187354799	*	
Q238R	0.9034295506409807	*	
Q238P	0.9194697906927555	*	
Q238K	0.8480549168309431	*	
G237V	0.83111857833343	*	
G237A	0.9456120361801823	*	
G237E	0.9396157578731872	*	
G237W	0.526675682915551	*	
G237R	0.8280237628896843	*	
S236R	0.5315671407774712	*	
S236I	0.5448931048843189	*	
S236T	0.9127605981199953	*	
S236N	0.5996160288474129	*	
S236C	0.9137676199556893	*	
S236G	0.9819384504059917	*	
F235C	0.2111379592138789	*	
F235S	0.1628089866371205	*	
F235Y	0.9089340093443434	*	
F235V	0.399511767762471	*	
F235I	0.4802630168334081	*	
Q234H	0.5173466513171656	*	
Q234L	0.6266957786065126	*	
Q234P	0.4310872938911081	*	
Q234E	0.7086693353154052	*	
Q234K	0.5640147359634702	*	
P233L	0.33029702428495367	*	
P233R	0.2767545316331337	*	
P233H	0.17934989565816817	*	
P233S	0.2805808411135018	*	
P233T	0.3062481065315097	*	
Y232F	0.9282327423188828	*	
Y232C	0.5858560778563311	*	
Y232S	0.7249700499169278	*	
Y232D	0.6908221204496499	*	
Y232H	0.7223027604105762	*	
Y232N	0.6044283535156978	*	
H231L	0.14409994929434689	*	
H231R	0.21667748913174534	*	
H231P	0.1508001263005606	*	
H231Y	0.128502738582689	*	
H231D	0.08684249106995012	*	
H231N	0.07646006206603928	*	
T230I	0.7902125943178495	*	
T230S	0.279606115723794	*	
T230N	0.5863532316805734	*	
T230A	0.9017727645595893	*	
T230P	0.8957376782219191	*	
H229Q	0.5770699484473121	*	
H229L	0.4719729882802992	*	
H229R	0.4888490220300524	*	
H229P	0.32173404577542275	*	
H229D	0.31163775790230797	*	
H229N	0.4275480097697394	*	
H228Q	0.6154941540313172	*	
H228L	0.7564150202972044	*	
H228R	0.40498844862139816	*	
H228P	0.6593483460627187	*	
H228Y	0.5156406997215892	*	
H228N	0.7213488171075326	*	
S227F	0.6273328003607219	*	
S227Y	0.5200966763152219	*	
S227A	0.8961083880504919	*	
S227P	0.7567156850432891	*	
S227T	0.8976846175614553	*	
A226G	0.6116167647186287	*	
A226D	0.20749257061738136	*	
A226S	0.918379740118745	*	
A226P	0.9111489886273388	*	
A226T	0.5796699729447404	*	
Y225F	0.9302331727534469	*	
Y225S	0.3789727368543351	*	
Y225D	0.07568236711647502	*	
Y225H	0.4220485695207491	*	
Y225N	0.2818058712025511	*	
Y224F	0.8558659534889191	*	
Y224S	0.4489163386490449	*	
Y224D	0.08274509412054742	*	
Y224H	0.2778872249056187	*	
Y224N	0.3216067285810469	*	
L223R	0.06616596405282171	*	
L223P	0.11805251557286511	*	
L223Q	0.13814775520403388	*	
L223V	0.8772775180932793	*	
L223M	0.7621698386509703	*	
F222L	0.6041791738078249	*	
F222C	0.3315968937295368	*	
F222S	0.10484926076196155	*	
F222Y	0.39706908019202314	*	
F222V	0.35780804872701455	*	
F222I	0.3367338977531422	*	
F221L	0.3802339850996709	*	
F221C	0.3140662159277412	*	
F221S	0.11976389428935807	*	
F221Y	0.5522736072382906	*	
F221V	0.5382783281451375	*	
P220R	0.6414423981338231	*	
P220H	0.5937104781414492	*	
P220A	0.6883474268621101	*	
R219L	0.9908513893213868	*	
R219P	0.7995063512421248	*	
R219G	0.9511841511784941	*	
R219S	0.9582351255627185	*	
D218E	0.9800607380590276	*	
D218V	0.9087918717110547	*	
D218G	0.9652000194580513	*	
D218A	0.9896710913415959	*	
D218Y	0.9422013928608901	*	
D218H	0.9708094272601521	*	
D218N	0.9812470732638727	*	
Q217H	0.9907736294522392	*	
Q217L	0.9477314876594467	*	
Q217R	0.8890983881413849	*	
Q217P	0.9359739294707792	*	
Q217E	0.9616346095104404	*	
Q217K	0.8986274973581923	*	
R216L	0.9584110280941759	*	
R216P	0.8314139744267078	*	
R216G	0.9732037127421973	*	
R216S	0.9678916266978241	*	
Q215L	0.9465977513824817	*	
Q215R	0.9868710307518447	*	
Q215P	0.8450778422311354	*	
Q215E	0.884463676271951	*	
Q215K	0.8845656690619373	*	
A214G	0.9163430583880403	*	
A214S	0.8554351790498423	*	
D213E	0.8429483104043528	*	
D213V	0.9571271262690079	*	
D213G	0.9688274325894332	*	
D213A	0.9755898929084876	*	
D213Y	0.9321268267514595	*	
D213H	0.947520732604046	*	
A212V	0.9936725608559172	*	
A212G	0.9789582640231429	*	
A212D	0.9858927024485011	*	
A212S	0.9868910223146182	*	
A212P	0.7065322717120985	*	
A212T	0.9764009552955221	*	
M211R	0.42920256035956295	*	
M211T	0.5154660385463252	*	
M211K	0.5032190166678353	*	
M211L	0.8554773488544933	*	
M211V	0.8735183557841902	*	
L210R	0.6400911991831126	*	
L210F	0.8160959382054825	*	
L210V	0.9192460650686014	*	
L210I	0.8961176324214217	*	
D209E	0.8136362377603154	*	
D209V	0.938770351018018	*	
D209G	0.9323766796531889	*	
D209A	0.9335249744029624	*	
D209Y	0.9124768176950467	*	
D209H	0.9106985349178606	*	
D209N	0.9911757386668993	*	
H208Q	0.8906698806767166	*	
H208L	0.8634123572992269	*	
H208R	0.8583264756839681	*	
H208P	0.7766268919507878	*	
H208D	0.9815059987178927	*	
H208N	0.9864088410140803	*	
A207V	0.9137691241276227	*	
A207G	0.8867298953266013	*	
A207S	0.9311060875226299	*	
A207P	0.3284298655424831	*	
F206L	0.6235457799432904	*	
F206C	0.3613570078343199	*	
F206S	0.3784877950840386	*	
F206Y	0.7151984439672179	*	
F206I	0.5243982132279299	*	
A205V	0.9034555687615329	*	
A205G	0.8962986953503692	*	
A205D	0.8926077406606413	*	
A205S	0.8752105333908028	*	
A205P	0.6003602906535064	*	
A205T	0.8739671602611393	*	
M204I	0.8379507325593003	*	
M204R	0.8228935031341483	*	
M204T	0.7889775684849247	*	
M204K	0.8655318133887414	*	
M204L	0.8218690793347937	*	
M204V	0.8390058987931172	*	
Y203F	0.8498980756488864	*	
Y203S	0.3512774923821941	*	
Y203D	0.27988485569446453	*	
Y203N	0.38071285258564613	*	
R202L	0.8185308643143341	*	
R202P	0.6707177540143081	*	
R202G	0.7708397507551208	*	
R202S	0.8433356512484901	*	
A201G	0.9875381057484941	*	
A201D	0.9047660292281636	*	
A201P	0.9808713780290924	*	
A201T	0.9941205565767176	*	
E200D	0.7315030911653748	*	
E200V	0.6376834119047847	*	
E200G	0.7970360818086125	*	
E200A	0.8054992237160562	*	
E200Q	0.8788780950486962	*	
E200K	0.491006656527914	*	
L199R	0.3996906327930375	*	
L199P	0.310949308449207	*	
L199Q	0.5059591111543781	*	
L199V	0.9714083868882988	*	
L199I	0.8662712031077544	*	
G198V	0.9618274554779825	*	
G198A	0.9894911321773907	*	
G198E	0.9835005342363199	*	
P197L	0.9481248974794252	*	
P197R	0.9057672278617173	*	
P197H	0.8357406974284731	*	
P197S	0.8627680344946114	*	
P197A	0.8963129454577476	*	
P197T	0.8711747907326542	*	
L196R	0.5582702807287183	*	
L196P	0.6320032298630824	*	
L196Q	0.7515818375091773	*	
L196V	0.8313078484088268	*	
L196M	0.9009524033444003	*	
W195L	0.8720034886971517	*	
W195S	0.8272551397439719	*	
W195G	0.8194463562450245	*	
W195R	0.837020331338617	*	
P194H	0.6184505567908625	*	
P194S	0.8709158547211331	*	
P194T	0.8534042615247877	*	
P193L	0.4477232751363539	*	
P193R	0.38899303324720436	*	
P193H	0.35284906045742215	*	
P193S	0.4106621334620383	*	
P193A	0.6750415195345958	*	
Q192H	0.5634298919600416	*	
Q192L	0.8055465752767178	*	
Q192R	0.7099276870307327	*	
Q192P	0.6472938093131214	*	
Q192E	0.8752303238230251	*	
Q192K	0.555423746925997	*	
A191G	0.8835529401389236	*	
A191E	0.8691689872619783	*	
A191S	0.9795290607260387	*	
A191P	0.7720538136565268	*	
A191T	0.9544520793283783	*	
E190D	0.9072054646026128	*	
E190V	0.8407237502270672	*	
E190G	0.9040565343935784	*	
E190A	0.8523960537482421	*	
E190Q	0.8678115218576873	*	
E190K	0.9516231564261132	*	
V189G	0.6327638330715484	*	
V189A	0.8723668218625825	*	
V189E	0.6879746085837641	*	
V189L	0.9471812382009125	*	
S188F	0.8978829648559195	*	
S188C	0.8492151468075597	*	
S188Y	0.8671404147733324	*	
S188P	0.7736001221312312	*	
S188T	0.9599006427499827	*	
L187R	0.8851033210329933	*	
L187P	0.9422644894677542	*	
L187Q	0.9027899267063294	*	
L187V	0.9432623766385605	*	
L187M	0.9482809119383045	*	
N186K	0.6889164317326519	*	
N186I	0.10260178360966155	*	
N186S	0.7785311563990578	*	
N186T	0.5672923406994951	*	
N186Y	0.488604919947629	*	
N186D	0.9486437481081633	*	
N186H	0.8389465689627604	*	
A185V	0.9803447464385933	*	
A185G	0.9792979134474753	*	
A185D	0.960609813851394	*	
A185P	0.7484674124493222	*	
A185T	0.9882065628499015	*	
L184F	0.9751228546525911	*	
L184W	0.6544401184266818	*	
L184S	0.41354468912073516	*	
L184V	0.8846346164645584	*	
L184M	0.8531196988834528	*	
L183R	0.50221232422897	*	
L183P	0.2952467512946516	*	
L183V	0.8646239288762281	*	
L183M	0.9073766421101075	*	
P182L	0.621967463835706	*	
P182Q	0.4258328560242909	*	
P182S	0.6507902027565233	*	
P182A	0.8166202836740065	*	
P182T	0.7187744419523008	*	
I181M	0.9468750780570347	*	
I181T	0.5939563258730411	*	
I181N	0.5746651670490379	*	
I181F	0.7864886237762457	*	
I181V	0.9922805562552398	*	
I181L	0.8650997846024847	*	
P180L	0.9106138600814884	*	
P180R	0.8637599050294451	*	
P180S	0.9458354103515707	*	
P180A	0.9252202281170032	*	
P180T	0.9234209241807203	*	
V179A	0.950477790804863	*	
V179F	0.8318004604593716	*	
V179L	0.8724178081453898	*	
V179I	0.8793564657386057	*	
L178R	0.911529862972393	*	
L178P	0.9052806635690338	*	
L178Q	0.8973525894888252	*	
L178V	0.9031859350654586	*	
L178M	0.8956606882305024	*	
G177V	0.9678327259763142	*	
G177A	0.8996280092725615	*	
G177C	0.8206866665806787	*	
G177R	0.8949000174617158	*	
G177S	0.9108248996795385	*	
Q176H	0.9064294619648611	*	
Q176L	0.9649899197161356	*	
Q176R	0.9538971936780082	*	
Q176P	0.9715840087746094	*	
Q176E	0.9556673812224643	*	
Q176K	0.9559674599463174	*	
D175E	0.953129638818561	*	
D175V	0.6217720519427301	*	
D175G	0.9181558737926263	*	
D175A	0.7608792504353888	*	
D175Y	0.7382271320963031	*	
D175H	0.7925766031642174	*	
D175N	0.9068101601779506	*	
C174W	0.6245892465058822	*	
C174F	0.3568967888175174	*	
C174S	0.41474255048976527	*	
C174Y	0.3126143428184198	*	
C174G	0.537442233533205	*	
G173V	0.9950862358571279	*	
G173A	0.9928928467350382	*	
G173D	0.9854390172960322	*	
G173C	0.9845647720352073	*	
G173R	0.9848985752908601	*	
G173S	0.8481083609132773	*	
G172V	0.866668701381879	*	
G172A	0.9477170949941841	*	
G172D	0.9114887023641878	*	
G172R	0.8851830892397086	*	
D171E	0.848905742948973	*	
D171V	0.8145615724434603	*	
D171G	0.9264320514280358	*	
D171A	0.9910696540996764	*	
D171H	0.8428477020509256	*	
C170W	0.5444223777662823	*	
C170F	0.4708028256315294	*	
C170S	0.5539140149688695	*	
C170Y	0.38976552268665066	*	
C170G	0.5835452505172756	*	
C170R	0.5592094663448094	*	
P169L	0.9047043732808291	*	
P169R	0.9048969912514357	*	
P169H	0.9892998777294315	*	
P169S	0.9924650956794442	*	
P169A	0.994038736236032	*	
P169T	0.9937838072187423	*	
T168I	0.9909556805678831	*	
T168S	0.9135748889993083	*	
T168N	0.8952313198458814	*	
T168A	0.9456919691094535	*	
T168P	0.9669454250225996	*	
A167G	0.9950387354939022	*	
A167D	0.9938205659049206	*	
A167P	0.979415860974475	*	
A167T	0.8884551035516173	*	
P166R	0.8077412366347335	*	
P166Q	0.5461008453640488	*	
P166S	0.864315832624291	*	
P166A	0.8742576085430919	*	
P166T	0.8684020939937473	*	
P165L	0.7277557109920036	*	
P165R	0.7657626202041053	*	
P165Q	0.6304240663555576	*	
P165S	0.7715765817004758	*	
P165A	0.8486251992303872	*	
P165T	0.790588225081275	*	
F164C	0.3789159674255448	*	
F164S	0.5056445698980674	*	
F164Y	0.7969605423201334	*	
F164V	0.5974573537897312	*	
F164I	0.5958814987266567	*	
C163W	0.11523382116884251	*	
C163F	0.29583664203532967	*	
C163S	0.2733120852800718	*	
C163Y	0.28059747977807836	*	
C163G	0.42216548292914946	*	
C163R	0.2586277105902862	*	
T162I	0.7267803042400378	*	
T162N	0.8465658851341823	*	
T162A	0.8824044518491696	*	
T162P	0.7878590409419403	*	
L161R	0.819094953464556	*	
L161Q	0.8307354044124705	*	
L161V	0.914335432460248	*	
L161M	0.8869813561096067	*	
N160K	0.7242759060457743	*	
N160I	0.47798863541520364	*	
N160S	0.8766694269199042	*	
N160T	0.7599687370061772	*	
N160Y	0.6263809062329027	*	
N160D	0.8514781208925716	*	
N160H	0.8130117670804842	*	
Q159L	0.9413511775478052	*	
Q159R	0.9084967366800415	*	
Q159P	0.9079379639027376	*	
Q159E	0.9278436483252108	*	
Q159K	0.9059330307899361	*	
C158W	0.3580166048932919	*	
C158S	0.2559496084198355	*	
C158Y	0.2732734147580237	*	
C158G	0.33065337694218044	*	
P157R	0.7803273883939454	*	
P157H	0.7296068422257285	*	
P157S	0.7562074584390662	*	
P157A	0.8046924355392775	*	
P157T	0.7759768500718005	*	
G156V	0.5523636925739401	*	
G156A	0.6402635956458453	*	
G156C	0.48632582568807703	*	
G156S	0.5888402179316508	*	
Q155L	0.7556074570167004	*	
Q155R	0.6359005499214179	*	
Q155P	0.3586724871056691	*	
Q155E	0.9000774095570119	*	
Q155K	0.5707767130387678	*	
D154E	0.6135000334070173	*	
D154V	0.3117741699010087	*	
D154G	0.48490651204064983	*	
D154A	0.5335631426533556	*	
D154Y	0.38426804005028414	*	
H153Q	0.6316889643900627	*	
H153L	0.5681681433042083	*	
H153R	0.3885211564240554	*	
H153P	0.5047327245387319	*	
H153Y	0.447126444009206	*	
H153D	0.3464560334314747	*	
H153N	0.6966651856753513	*	
S152F	0.05558911997519411	*	
S152C	0.4309187609494841	*	
S152Y	0.09206916307929902	*	
S152A	0.6665541853544232	*	
S152P	0.2621964454677068	*	
Y151F	0.9204729303496444	*	
Y151C	0.4690745505388415	*	
Y151S	0.41416401270929404	*	
Y151D	0.2232832918687806	*	
Y151H	0.4494052343646284	*	
Y151N	0.3618646155803785	*	
P150Q	0.3285122681965188	*	
P150S	0.40816200970019323	*	
P150A	0.5515729548749579	*	
P150T	0.45587284375646864	*	
I149M	0.966907529660614	*	
I149S	0.6802625847196608	*	
I149N	0.6285887171105257	*	
I149F	0.7680651521875591	*	
I149V	0.9885575300680741	*	
I149L	0.9850153788767656	*	
G148V	0.3510928417122281	*	
G148A	0.5204523475820764	*	
G148D	0.376634263893318	*	
G148C	0.1448389469885919	*	
L147R	0.7802626321559691	*	
L147P	0.48466895895957096	*	
L147Q	0.7881194565535377	*	
L147V	0.9718026321988352	*	
L147I	0.9681574863645703	*	
F146C	0.4609490715598715	*	
F146S	0.3753279308417138	*	
F146Y	0.94794045785133	*	
F146V	0.3737420929784556	*	
F146I	0.35745557351524293	*	
R145L	0.4770922185217392	*	
R145P	0.40914700036237084	*	
R145G	0.8026286812639768	*	
H144Q	0.9887705810231041	*	
H144L	0.9393881700389805	*	
H144R	0.9553677742734885	*	
H144P	0.9416102010608571	*	
H144Y	0.8410855833832213	*	
H144D	0.9745586014625571	*	
H144N	0.9627217870768744	*	
F143C	0.14850045208165252	*	
F143S	0.12867390273962298	*	
F143Y	0.3682579890159008	*	
F143V	0.3959202857423133	*	
F143I	0.34405846711969856	*	
G142V	0.23469882318914315	*	
G142A	0.4847483782952098	*	
G142D	0.34277257086203416	*	
G142C	0.15477604262823785	*	
G142R	0.3337147729550253	*	
G142S	0.46881740582515885	*	
Q141H	0.9412852504305345	*	
Q141L	0.7869544223823862	*	
Q141R	0.9585265220467398	*	
Q141P	0.6574069670872517	*	
Q141E	0.900080918962605	*	
H140Q	0.9858095251971367	*	
H140L	0.951167054421858	*	
H140R	0.9686318350632577	*	
H140P	0.9078614654211764	*	
H140N	0.9895037890114696	*	
P139R	0.9571343401887696	*	
P139H	0.9670481365799775	*	
P139S	0.9754336311447859	*	
P139A	0.9721644354422315	*	
P138R	0.19400578379217592	*	
P138H	0.2535560283312924	*	
P138A	0.6251792137221673	*	
L137R	0.5219876479388539	*	
L137P	0.489380941314682	*	
L137Q	0.6248894078090559	*	
L137V	0.7199340046238285	*	
L137M	0.8881192450352472	*	
F136L	0.5116164855395983	*	
F136C	0.5058084472314139	*	
F136S	0.46512000809482723	*	
F136Y	0.9477584560509695	*	
F136V	0.5283528005057332	*	
F136I	0.4005530529345672	*	
A135V	0.9882203334394506	*	
A135G	0.9859467310607382	*	
A135S	0.988493108560845	*	
A135P	0.9787626984964387	*	
A135T	0.9942904733853545	*	
G134V	0.535366969499891	*	
G134A	0.8776368636749632	*	
G134E	0.8644219589380975	*	
G134W	0.37375967275721145	*	
G134R	0.8575747399742985	*	
E133D	0.9728041680043816	*	
E133V	0.9623662736082821	*	
E133G	0.9861204386676888	*	
E133A	0.9922316704783924	*	
E133Q	0.9944013750388888	*	
P132L	0.9790892860157325	*	
P132R	0.9894757362721862	*	
P132H	0.9755549863103727	*	
P132S	0.9839753925037147	*	
P132A	0.993093967289587	*	
P132T	0.9891775390349627	*	
G131V	0.5055346423143292	*	
G131A	0.7620750501786635	*	
G131E	0.46795902199804207	*	
G131W	0.5076589864183705	*	
G131R	0.4743114408455694	*	
V130G	0.7433961205499207	*	
V130A	0.9221840110561428	*	
V130E	0.5460775226092407	*	
V130L	0.939595840442299	*	
V130M	0.912094999627566	*	
G129V	0.16450793914094464	*	
G129A	0.5602429446576027	*	
G129E	0.20785531239144206	*	
G129W	0.05860881810481633	*	
L128H	0.18171661086791335	*	
L128F	0.333155655243182	*	
L128V	0.8973664929522975	*	
L128I	0.7853322525454245	*	
H127Q	0.3764056908640949	*	
H127L	0.2006315041889265	*	
H127R	0.18948991311782648	*	
H127P	0.3120551393277098	*	
H127Y	0.3692372839738124	*	
H127D	0.2900649571945644	*	
H127N	0.329986692077071	*	
W126C	0.03738746763569889	*	
W126L	0.23146523916834882	*	
W126S	0.2243915507804708	*	
W126G	0.28633337968493566	*	
W126R	0.05850134818023878	*	
K125N	0.2187120161894367	*	
K125M	0.07460889429446937	*	
K125R	0.5332413870842652	*	
K125T	0.08238211600526024	*	
K125E	0.07523518824072606	*	
K125Q	0.08782240153107823	*	
G124V	0.07274703934068272	*	
G124A	0.48789621199330735	*	
G124D	0.18084446992280345	*	
G124R	0.2702539326143857	*	
A123V	0.945506032732865	*	
A123G	0.9084648404249873	*	
A123D	0.24787624895110594	*	
A123S	0.9211097703721225	*	
A123P	0.46493654128995965	*	
A123T	0.9196849730999823	*	
M122I	0.8184990347228516	*	
M122R	0.36574167446872696	*	
M122T	0.5503477819723017	*	
M122K	0.3634192393569723	*	
M122L	0.908568781858779	*	
M122V	0.8833612242953157	*	
G121V	0.6376829372014652	*	
G121A	0.9673074568972472	*	
G121E	0.43187106272767406	*	
T120I	0.3563197136516669	*	
T120R	0.4722429695014754	*	
T120K	0.36457422538377715	*	
T120S	0.9343795477351329	*	
T120A	0.7708047231729616	*	
T120P	0.6009995803247434	*	
L119R	0.9318106265017013	*	
L119P	0.5476440178333626	*	
L119H	0.9157745810613831	*	
L119F	0.9045084181316468	*	
L119V	0.9422528924941159	*	
L119I	0.9531651296685845	*	
Y118F	0.5003125082927375	*	
Y118C	0.30135816007366145	*	
Y118S	0.1596875461836076	*	
Y118D	0.20860066725097992	*	
Y118H	0.25517351755942386	*	
Y118N	0.23459286125201728	*	
G117A	0.6032547547059958	*	
G117C	0.5134665534449435	*	
G117R	0.4931682849436171	*	
G117S	0.6620480824478451	*	
R116L	0.9700711215838108	*	
R116P	0.7030743771341936	*	
R116Q	0.9864067252057557	*	
A115V	0.9852181804151161	*	
A115G	0.9919217115865668	*	
A115D	0.9841482656572657	*	
A115S	0.9938555093333983	*	
A115P	0.9902106276853273	*	
A115T	0.9879845248429553	*	
A114V	0.9326028677202076	*	
A114G	0.9488929517430061	*	
A114D	0.875987960683207	*	
A114S	0.9425109330780888	*	
A114P	0.5516917819072129	*	
A114T	0.9434287086791635	*	
L113R	0.28108164732858465	*	
L113Q	0.33613456041525724	*	
L113V	0.8218709150005679	*	
L113M	0.8438117279780974	*	
V112G	0.9005619808862942	*	
V112A	0.8978161921495096	*	
V112D	0.4862401408827103	*	
V112F	0.8249537507202382	*	
V112L	0.9826605094742471	*	
V112I	0.9929213760518946	*	
E111D	0.8738039474009117	*	
E111V	0.4020934607056733	*	
E111G	0.7811194104711984	*	
E111A	0.7872048563820152	*	
E111Q	0.9331379390424488	*	
E111K	0.8785628455542878	*	
A110V	0.37073689732625137	*	
A110G	0.6433686337895668	*	
A110D	0.2648968458961706	*	
A110S	0.8943891716019242	*	
A110P	0.7774893863138651	*	
V109G	0.5704723451131237	*	
V109A	0.7550385925455841	*	
V109E	0.3562151859669477	*	
V109L	0.99372217340966	*	
T108I	0.4642734460403879	*	
T108S	0.467203294711691	*	
T108N	0.5193448681603646	*	
T108A	0.709892683307765	*	
T108P	0.5009001123045408	*	
V107G	0.5692482274637969	*	
V107A	0.8998012381857299	*	
V107E	0.824775386579266	*	
V107L	0.926248475154335	*	
V107M	0.8597313416191492	*	
E106D	0.5793021396180631	*	
E106V	0.4989014884511813	*	
E106G	0.339861905990126	*	
E106A	0.5101900419843606	*	
E106Q	0.35461342299931653	*	
E106K	0.33002173585703565	*	
E105D	0.9898798241800664	*	
E105V	0.9409622638006451	*	
E105G	0.9830428136179614	*	
E105A	0.9879041625728358	*	
E105Q	0.9809052625488379	*	
E105K	0.9742189464776577	*	
L104R	0.9539373574269586	*	
L104P	0.9595956660726268	*	
L104Q	0.9193508665097906	*	
L104V	0.9473072273491858	*	
L104M	0.9013463289699877	*	
P103L	0.5156596331582473	*	
P103R	0.5024447842390121	*	
P103H	0.49234047064269393	*	
P103S	0.5524140488158573	*	
P103A	0.6272345107929242	*	
P103T	0.5158930164077502	*	
L102R	0.19553312569956627	*	
L102P	0.30330879305397707	*	
L102Q	0.30181031126967595	*	
L102V	0.8202789314199818	*	
L102M	0.9375071363940988	*	
G101A	0.4093529962486876	*	
G101D	0.3619142190035526	*	
G101C	0.19500502921334517	*	
G101R	0.18053210407074372	*	
G101S	0.4374736332216428	*	
G100V	0.3732917434553715	*	
G100A	0.5655997685478578	*	
G100E	0.40750838557925295	*	
G100W	0.3047376575551397	*	
G100R	0.27596960265520987	*	
R99L	0.988402860908246	*	
R99W	0.9542875282341274	*	
R99G	0.9737969064208628	*	
S98C	0.623928434942727	*	
S98Y	0.6076377205225786	*	
S98A	0.9265060816535033	*	
S98P	0.4124655921583019	*	
S98T	0.9036475148471275	*	
S97R	0.880684930966606	*	
S97I	0.9284457925205307	*	
S97T	0.9822173337493559	*	
S97C	0.8953776655032685	*	
S97G	0.9935303485368647	*	
P96L	0.6839966437482485	*	
P96R	0.6244589335895715	*	
P96H	0.5992266159339987	*	
P96S	0.8417709126379977	*	
P96T	0.8343666057472278	*	
V95G	0.9932476919870491	*	
V95A	0.9889852598872909	*	
V95E	0.9873133763200128	*	
V95L	0.9839573259105857	*	
L94R	0.3937273918575963	*	
L94P	0.4185662825843438	*	
L94Q	0.3960170340921677	*	
L94M	0.9239550330082412	*	
V93G	0.5277860928943016	*	
V93A	0.49172802595902143	*	
V93D	0.3936735639111508	*	
V93F	0.4322562328885702	*	
V93L	0.45854863888400477	*	
V93I	0.8079966583314986	*	
G92V	0.7262767395892407	*	
G92A	0.8530996623022777	*	
G92C	0.5874557702854057	*	
G92R	0.8292378471309871	*	
G92S	0.914548245215307	*	
P91L	0.6776993388809827	*	
P91R	0.8470279779575832	*	
P91H	0.6888500208997652	*	
P91S	0.8656973290121119	*	
P91A	0.8854442803832412	*	
P91T	0.8240154909540327	*	
Y90F	0.9269286308875118	*	
Y90S	0.503329792971283	*	
Y90D	0.3203840545699852	*	
Y90H	0.5001230414670934	*	
Y90N	0.41437611019276066	*	
M89I	0.8512953248087649	*	
M89R	0.36206798716468136	*	
M89T	0.6385524575665293	*	
M89K	0.4597501825381196	*	
M89L	0.9747460524425916	*	
M89V	0.9692263299321233	*	
G88V	0.31603478322113565	*	
G88R	0.3648438869615035	*	
M87I	0.880502162631797	*	
M87R	0.7651753420217953	*	
M87T	0.9874964274547261	*	
M87K	0.6724155875300801	*	
M87L	0.9901212325774931	*	
M87V	0.9876565792328559	*	
R86P	0.21228245785766997	*	
R86G	0.3132685226700609	*	
V85G	0.6497934371907841	*	
V85A	0.9165583912857581	*	
V85D	0.4254057582780377	*	
V85F	0.9011072314612116	*	
V85L	0.9406358117302765	*	
V85I	0.9819439599297269	*	
P84R	0.4674586481403762	*	
P84S	0.9024381050225809	*	
P84A	0.9265523592483794	*	
P84T	0.8805579846573988	*	
L83R	0.8506186170904422	*	
L83H	0.9503250582057128	*	
L83F	0.9767915259116652	*	
L83V	0.9742285050147926	*	
L83I	0.9737339797546353	*	
R82L	0.2611038482827307	*	
R82Q	0.6073202887289918	*	
R82G	0.3216945787242719	*	
G81V	0.05972741803471204	*	
G81A	0.31504476089030065	*	
G81D	0.08314325619318497	*	
G81C	0.07899332928892433	*	
T80I	0.22973485735016153	*	
T80S	0.6344780192580944	*	
T80N	0.3270086910372738	*	
T80A	0.43093314553253104	*	
T80P	0.3472419895869675	*	
L79R	0.29596565220388316	*	
L79P	0.24003245875067813	*	
L79Q	0.2655835482612572	*	
L79V	0.7918174984554036	*	
L79M	0.8780172377372294	*	
L78R	0.3773013500986995	*	
L78P	0.26037701831787996	*	
L78H	0.33206511892533674	*	
L78F	0.784285355487103	*	
L78V	0.9352182120133551	*	
L78I	0.9524827384984311	*	
A77V	0.5521512993535657	*	
A77G	0.9385859706654235	*	
A77D	0.4053320644343156	*	
A77S	0.9710998486348464	*	
A77T	0.809679816684229	*	
A76V	0.7394735470488765	*	
A76G	0.8111960997008781	*	
A76D	0.4539941789667331	*	
A76S	0.7462736754208652	*	
A76P	0.2919038038656362	*	
A76T	0.7065871984130438	*	
R75S	0.19169134076955796	*	
R75M	0.08881540750911798	*	
R75T	0.09535787998229694	*	
R75K	0.2162833797172219	*	
R75W	0.31319147685142656	*	
R75G	0.3102154910546854	*	
S74F	0.11628835447622654	*	
S74C	0.25719750132388763	*	
S74Y	0.09924159809251376	*	
S74A	0.7837170176456634	*	
S74P	0.37023603256702975	*	
S74T	0.6891363832441209	*	
P73R	0.3196045882343429	*	
P73H	0.1439672264459798	*	
P73S	0.6323084402066743	*	
P73A	0.7301984941380991	*	
P73T	0.611548204604667	*	
T72I	0.2695453717869022	*	
T72R	0.25602339894035153	*	
T72K	0.16522198925549447	*	
T72S	0.9489398336889782	*	
T72A	0.5276329937005373	*	
T72P	0.3896590061977999	*	
C71W	0.026659732978540407	*	
C71F	0.04785547926124312	*	
C71S	0.1298252277407579	*	
C71Y	0.021794337956895338	*	
C71G	0.11202756598790242	*	
C71R	0.02078995199198308	*	
L70R	0.6837762714168254	*	
L70Q	0.7175563241793087	*	
L70V	0.9881319129789261	*	
L70M	0.9470162252133187	*	
S69F	0.4709265283426669	*	
S69C	0.7341441424606978	*	
S69Y	0.4890556368555409	*	
S69A	0.9917554019614365	*	
S69P	0.9839600070295272	*	
S69T	0.9803681214173046	*	
V68G	0.9747679806669752	*	
V68A	0.9757218064484489	*	
V68E	0.8250960496238187	*	
V68L	0.96734180922038	*	
V68M	0.9742912526263838	*	
P67L	0.5204820768494014	*	
P67R	0.25110103842633236	*	
P67H	0.42530565862140923	*	
P67S	0.9657187469490393	*	
P67A	0.9812189253266448	*	
P67T	0.9658273615498469	*	
V66G	0.7732458597538387	*	
V66E	0.35834779769713065	*	
V66L	0.6474915906817174	*	
V66M	0.6513544270427152	*	
Y65F	0.7386578504676469	*	
Y65C	0.6527426811881616	*	
Y65S	0.6548167398814064	*	
Y65D	0.3507797936609097	*	
Y65H	0.7154102720220314	*	
Y65N	0.6738714030819777	*	
F64L	0.2298083871920923	*	
F64C	0.39515997978617345	*	
F64S	0.34598809463669056	*	
F64Y	0.7359359927188247	*	
F64V	0.5267166699251816	*	
F64I	0.4442108339536931	*	
D63E	0.8502273309594872	*	
D63V	0.39096555130725497	*	
D63G	0.5743713349712665	*	
D63A	0.6022301762423736	*	
D63Y	0.4811714029527485	*	
D63H	0.5985984895541087	*	
D63N	0.9486866127030252	*	
T62I	0.3740526033321837	*	
T62R	0.5263071261610103	*	
T62K	0.4223200293771484	*	
T62S	0.9087683477570943	*	
T62A	0.6009327670043891	*	
T62P	0.5120980885831349	*	
F61C	0.5097300396721529	*	
F61S	0.43002428603250087	*	
F61Y	0.6914511453053311	*	
F61V	0.6126504400640709	*	
F61I	0.5804585796168007	*	
R60L	0.9125467309959863	*	
R60P	0.22881109979157288	*	
R60Q	0.6314180702276277	*	
R60G	0.4331161151605094	*	
L59R	0.8308204022355239	*	
L59P	0.2595969915458014	*	
L59Q	0.8655630610133291	*	
L59V	0.8978784192295343	*	
L59M	0.9319598451038444	*	
G58V	0.382669869452154	*	
G58A	0.651242617690347	*	
G58E	0.3807984117598755	*	
G58W	0.19690069298116386	*	
G58R	0.32846544036315906	*	
G57V	0.9843403616293744	*	
G57A	0.9954226709105188	*	
G57E	0.988038847230817	*	
G57R	0.9932360337513542	*	
A56V	0.9876368971230859	*	
A56G	0.986557621345848	*	
A56E	0.9868398460755999	*	
A56S	0.9928422156998258	*	
A56P	0.8072700808528035	*	
A56T	0.9916196220763446	*	
A55V	0.8764246547346483	*	
A55G	0.9412247940870274	*	
A55E	0.519393740932634	*	
A55S	0.888649124323595	*	
A55P	0.48231898389942207	*	
A55T	0.7983341813216325	*	
L54R	0.4289372647732088	*	
L54Q	0.46834958770219703	*	
L54M	0.9804558020681956	*	
Q53H	0.9875749686862832	*	
Q53L	0.9931581858582614	*	
Q53R	0.9954778178920412	*	
Q53E	0.9726377696174302	*	
Q53K	0.9801018058767947	*	
D52E	0.7633285488340601	*	
D52V	0.39729046909557997	*	
D52G	0.6610835473801515	*	
D52A	0.5168838550766335	*	
D52Y	0.5053685134770436	*	
D52H	0.5969029036648414	*	
D52N	0.9621210858137197	*	
L51R	0.37324766592669645	*	
L51P	0.30711281658204426	*	
L51Q	0.2779880944864387	*	
L51V	0.94983631321212	*	
L51M	0.9344564484101578	*	
N50K	0.9405773946216062	*	
N50I	0.8211048342853132	*	
N50S	0.9737418648306968	*	
N50T	0.9430554129429278	*	
N50Y	0.9184487870754872	*	
N50D	0.7372630030912994	*	
N50H	0.9281404906759287	*	
P49L	0.5544407774065343	*	
P49R	0.5572709027840512	*	
P49H	0.5546420989962729	*	
P49S	0.5336238770883182	*	
P49A	0.5342611631605487	*	
P49T	0.5473738770883182	*	
T48S	0.7943363653122714	*	
T48N	0.4937794677301013	*	
T48A	0.7440164797027988	*	
T48P	0.5775870547160411	*	
T47I	0.9870348831625788	*	
T47S	0.9913934628542022	*	
T47N	0.9922280013600916	*	
T47A	0.9899587063093627	*	
T47P	0.9879125663984744	*	
S46F	0.43633850922464656	*	
S46C	0.7248935111647106	*	
S46Y	0.42968361212109774	*	
S46A	0.900557893246132	*	
S46T	0.9274821599463664	*	
S45I	0.805848037659458	*	
S45T	0.9924527644244385	*	
S45N	0.9672969994088003	*	
S45C	0.9175390080000458	*	
S45G	0.8890674576849295	*	
P44L	0.6646500810301386	*	
P44R	0.6767563773358297	*	
P44H	0.6206248394402841	*	
P44S	0.6732238256810559	*	
P44A	0.7495674775429165	*	
P44T	0.7024392993785	*	
H43Q	0.6860057928124776	*	
H43L	0.6123993120605709	*	
H43R	0.5190600484600625	*	
H43P	0.6166990194694121	*	
H43Y	0.6845529632780567	*	
H43D	0.6605338482402444	*	
H43N	0.9404254240544484	*	
G42V	0.1477352514793676	*	
G42A	0.33174841353502305	*	
G42E	0.16047393890670836	*	
G42W	0.19349498266659493	*	
G42R	0.2919730517065987	*	
Y41F	0.9610359226624823	*	
Y41S	0.8772243004899971	*	
Y41D	0.5714954860016807	*	
Y41H	0.6432427708554163	*	
Y41N	0.6831960320495123	*	
C40W	0.5253963751823729	*	
C40F	0.9036562546341075	*	
C40S	0.9871386082268173	*	
C40Y	0.6882774735034144	*	
C40G	0.9560209302357794	*	
C40R	0.5956695679315536	*	
G39V	0.7864596477086943	*	
G39A	0.9608038998150534	*	
G39C	0.7380107938387411	*	
L38R	0.4206122176671613	*	
L38P	0.6891750481224118	*	
L38Q	0.47203825404867117	*	
L38V	0.9738305955140019	*	
L38M	0.965897855295885	*	
D37E	0.34292180306953146	*	
D37V	0.05708274289361015	*	
D37G	0.2523885022046697	*	
D37A	0.18978812992256522	*	
D37Y	0.09262388484447992	*	
D37H	0.1090608546765729	*	
D37N	0.2790888141806914	*	
G36V	0.33083134011135695	*	
G36A	0.7940994647425688	*	
G36E	0.47433767214255695	*	
G36W	0.1906670675443719	*	
G36R	0.49175293555499866	*	
Y35F	0.9739054679605554	*	
Y35C	0.6289855621428762	*	
Y35D	0.22053981799330868	*	
Y35H	0.47304277202370815	*	
Y35N	0.42560147153291494	*	
G34V	0.042939829454590184	*	
G34A	0.42848052321881747	*	
G34C	0.11607517775982312	*	
G34R	0.12776312290403014	*	
L33R	0.28161180199340663	*	
L33H	0.38102682171488034	*	
L33F	0.6433073517863278	*	
L33V	0.9508018394749304	*	
L33I	0.9330033422998871	*	
D32E	0.1609541390659226	*	
D32V	0.027511178681959736	*	
D32G	0.07501526466716713	*	
D32A	0.04565613366658883	*	
D32Y	0.06809586544758273	*	
D32N	0.21589502438698682	*	
D31V	0.025968174536981747	*	
D31G	0.06719150180721978	*	
D31A	0.05315029754047218	*	
D31Y	0.04165791735994839	*	
D31H	0.0701112688092238	*	
A30V	0.6478517012691765	*	
A30G	0.7696989039048342	*	
A30D	0.2241345621823453	*	
A30S	0.7224909379104218	*	
A30P	0.36639224498058265	*	
A30T	0.7153010271062559	*	
F29L	0.7337430855362055	*	
F29C	0.4471655480861195	*	
F29S	0.3395066738365068	*	
F29Y	0.9189538765154149	*	
F29V	0.892295517068773	*	
F29I	0.7879635613407294	*	
I28M	0.9573779574524294	*	
I28S	0.31973375682484007	*	
I28T	0.3437743030643413	*	
I28N	0.3204048552620189	*	
I28F	0.9657342704850042	*	
I28V	0.9784340396302805	*	
I28L	0.9859924593943927	*	
L27R	0.29747216921403175	*	
L27P	0.28443253176979877	*	
L27Q	0.1600256685072139	*	
L27V	0.987486641232429	*	
L27M	0.9028444601823686	*	
V26G	0.4197068776350662	*	
V26A	0.6392458109356021	*	
V26E	0.41666204982351773	*	
V26L	0.990560391966351	*	
V26M	0.9166576398621471	*	
I25M	0.9793227371753324	*	
I25S	0.36645960759736285	*	
I25T	0.6952025491472784	*	
I25N	0.36758104705979566	*	
I25F	0.9900654187198121	*	
I25L	0.9815039536355331	*	
N24K	0.6070081617264347	*	
N24I	0.18941344157845263	*	
N24S	0.9244819114860536	*	
N24T	0.5745700492455561	*	
N24Y	0.4364181175677677	*	
N24D	0.6538374183842098	*	
N24H	0.8692585008081932	*	
P23L	0.7122917652909706	*	
P23R	0.702047087946109	*	
P23H	0.6091205167213285	*	
P23S	0.5939288787931264	*	
P23A	0.8428263692706076	*	
P23T	0.7845369984565834	*	
P22L	0.9540497280529567	*	
P22Q	0.9685591282490066	*	
P22S	0.9671805165179176	*	
P22A	0.9701051481626227	*	
P22T	0.9516730081307994	*	
R21L	0.9902102604964278	*	
R21P	0.9909847874046389	*	
R21H	0.9910368278780795	*	
R21C	0.9878598460389274	*	
R21G	0.9933523245672048	*	
R21S	0.9896870823605608	*	
